{
  "users": {
    "6285216955233@s.whatsapp.net": {
      "name": "Rerez Hosting",
      "limit": 10000,
      "balance": 10000000,
      "premium": true,
      "afkTime": -1,
      "afkReason": "",
      "claim": 1
    },
    "62895403880703@s.whatsapp.net": {
      "name": "No Name",
      "limit": 31000,
      "balance": 50000010000,
      "premium": true,
      "afkTime": -1,
      "afkReason": "",
      "claim": 1
    },
    "6287782792843@s.whatsapp.net": {
      "name": "pun",
      "limit": 11000,
      "balance": 10000010000,
      "premium": true,
      "afkTime": -1,
      "afkReason": "",
      "claim": 1
    },
    "6282321559392@s.whatsapp.net": {
      "name": "𝚇𝚈𝚁𝙴𝚉𝚉-𝙷𝙾𝚂𝚃𝙸𝙽𝙶 📡",
      "limit": 10,
      "balance": 10000,
      "premium": false,
      "afkTime": -1,
      "afkReason": "",
      "claim": 1
    },
    "6285640438011@s.whatsapp.net": {
      "name": "yre🇯🇵",
      "limit": 10,
      "balance": 10000,
      "premium": false,
      "afkTime": -1,
      "afkReason": "",
      "claim": 1
    },
    "6283833714415@s.whatsapp.net": {
      "name": "ilvimageran",
      "limit": 10,
      "balance": 10000,
      "premium": false,
      "afkTime": -1,
      "afkReason": "",
      "claim": 1
    },
    "6289684179957@s.whatsapp.net": {
      "name": "Ppp",
      "limit": 10,
      "balance": 10000,
      "premium": false,
      "afkTime": -1,
      "afkReason": "",
      "claim": 1
    },
    "6281525735704@s.whatsapp.net": {
      "name": "ACO",
      "limit": 10,
      "balance": 10000,
      "premium": false,
      "afkTime": -1,
      "afkReason": "",
      "claim": 1
    },
    "6281250225475@s.whatsapp.net": {
      "name": "p",
      "limit": 10,
      "balance": 10000,
      "premium": false,
      "afkTime": -1,
      "afkReason": "",
      "claim": 1
    },
    "6283830502976@s.whatsapp.net": {
      "name": "gilang/bast.",
      "limit": 10,
      "balance": 10000,
      "premium": false,
      "afkTime": -1,
      "afkReason": "",
      "claim": 1
    },
    "6281527099439@s.whatsapp.net": {
      "name": "suyit",
      "limit": 10,
      "balance": 10000,
      "premium": false,
      "afkTime": -1,
      "afkReason": "",
      "claim": 1
    },
    "6289607359988@s.whatsapp.net": {
      "name": "y",
      "limit": 10,
      "balance": 10000,
      "premium": false,
      "afkTime": -1,
      "afkReason": "",
      "claim": 1
    },
    "6285658894066@s.whatsapp.net": {
      "name": "𝘼𝙍𝙄𝙁 𝙑𝙋𝙉 𝙎𝙏𝙊𝙍𝙀",
      "limit": 10,
      "balance": 10000,
      "premium": false,
      "afkTime": -1,
      "afkReason": "",
      "claim": 1
    },
    "6285788664448@s.whatsapp.net": {
      "name": "RK135👑",
      "limit": 10,
      "balance": 10000,
      "premium": false,
      "afkTime": -1,
      "afkReason": "",
      "claim": 1
    },
    "6287737073224@s.whatsapp.net": {
      "name": "ᴡᴀ ʏᴀᴢᴢ𝟺ʏᴏᴜ [ 𝟹𝟸𝟸𝟺 ]",
      "limit": 10,
      "balance": 10000,
      "premium": false,
      "afkTime": -1,
      "afkReason": "",
      "claim": 1
    },
    "6283114840117@s.whatsapp.net": {
      "name": "BALLZZ STORE ADMIN REGION JATIM!!!",
      "limit": 10,
      "balance": 10000,
      "premium": false,
      "afkTime": -1,
      "afkReason": "",
      "claim": 1
    },
    "6285796463533@s.whatsapp.net": {
      "name": "Aryo Store",
      "limit": 10,
      "balance": 10000,
      "premium": false,
      "afkTime": -1,
      "afkReason": "",
      "claim": 1
    },
    "6281210811810@s.whatsapp.net": {
      "name": "P",
      "limit": 10,
      "balance": 10000,
      "premium": false,
      "afkTime": -1,
      "afkReason": "",
      "claim": 1
    },
    "6285216955233@s.whatsapp.net": {
      "name": "XYREZZ",
      "limit": 10,
      "balance": 10000,
      "premium": true,
      "afkTime": -1,
      "afkReason": "",
      "claim": 1
    },
    "6282312436896@s.whatsapp.net": {
      "name": "XYREZZ",
      "limit": 10,
      "balance": 10000,
      "premium": true,
      "afkTime": -1,
      "afkReason": "",
      "claim": 1
    },
    "6289517443170@s.whatsapp.net": {
      "name": "Chillz",
      "limit": 10,
      "balance": 10000,
      "premium": false,
      "afkTime": -1,
      "afkReason": "",
      "claim": 1
    },
    "628895196236@s.whatsapp.net": {
      "name": "NABZXZz",
      "limit": 10,
      "balance": 10000,
      "premium": false,
      "afkTime": -1,
      "afkReason": "",
      "claim": 1
    },
    "6289697565114@s.whatsapp.net": {
      "name": "CANZ4YOU STR.",
      "limit": 10,
      "balance": 10000,
      "premium": false,
      "afkTime": -1,
      "afkReason": "",
      "claim": 1
    },
    "6281317580931@s.whatsapp.net": {
      "name": "Vanzz2112",
      "limit": 10,
      "balance": 10000,
      "premium": false,
      "afkTime": -1,
      "afkReason": "",
      "claim": 1
    },
    "6289519894854@s.whatsapp.net": {
      "name": "Wkwk",
      "limit": 10,
      "balance": 10000,
      "premium": false,
      "afkTime": -1,
      "afkReason": "",
      "claim": 1
    },
    "6283141143802@s.whatsapp.net": {
      "name": "Zexx",
      "limit": 10,
      "balance": 10000,
      "premium": false,
      "afkTime": -1,
      "afkReason": "",
      "claim": 1
    },
    "62895326896130@s.whatsapp.net": {
      "name": "BAYU STORE022[96130]",
      "limit": 10,
      "balance": 10000,
      "premium": false,
      "afkTime": -1,
      "afkReason": "",
      "claim": 1
    },
    "6285766336662@s.whatsapp.net": {
      "name": "Moanz Store",
      "limit": 10,
      "balance": 10000,
      "premium": false,
      "afkTime": -1,
      "afkReason": "",
      "claim": 1
    },
    "6288991582658@s.whatsapp.net": {
      "name": "star store",
      "limit": 10,
      "balance": 10000,
      "premium": false,
      "afkTime": -1,
      "afkReason": "",
      "claim": 1
    },
    "628988465813@s.whatsapp.net": {
      "name": "y",
      "limit": 10,
      "balance": 10000,
      "premium": false,
      "afkTime": -1,
      "afkReason": "",
      "claim": 1
    },
    "62895325953853@s.whatsapp.net": {
      "name": "Rasyamodeback",
      "limit": 10,
      "balance": 10000,
      "premium": false,
      "afkTime": -1,
      "afkReason": "",
      "claim": 1
    },
    "6281320672917@s.whatsapp.net": {
      "name": "Rizal Hardiks",
      "limit": 10,
      "balance": 10000,
      "premium": false,
      "afkTime": -1,
      "afkReason": "",
      "claim": 1
    },
    "62895401448203@s.whatsapp.net": {
      "name": "Dekz JEBE X SESI",
      "limit": 10,
      "balance": 10000,
      "premium": false,
      "afkTime": -1,
      "afkReason": "",
      "claim": 1
    },
    "6285771028387@s.whatsapp.net": {
      "name": "JANK4YOU",
      "limit": 10,
      "balance": 10000,
      "premium": false,
      "afkTime": -1,
      "afkReason": "",
      "claim": 1
    },
    "6288802059410@s.whatsapp.net": {
      "name": "Fathirr Reall",
      "limit": 10,
      "balance": 10000,
      "premium": false,
      "afkTime": -1,
      "afkReason": "",
      "claim": 1
    },
    "62895423471890@s.whatsapp.net": {
      "name": "hendra",
      "limit": 10,
      "balance": 10000,
      "premium": false,
      "afkTime": -1,
      "afkReason": "",
      "claim": 1
    },
    "6285142047664@s.whatsapp.net": {
      "name": "ANDI CRUEL",
      "limit": 10,
      "balance": 10000,
      "premium": false,
      "afkTime": -1,
      "afkReason": "",
      "claim": 1
    },
    "6285369854047@s.whatsapp.net": {
      "name": "PENZ STORE [OWN NALZ]",
      "limit": 10,
      "balance": 10000,
      "premium": false,
      "afkTime": -1,
      "afkReason": "",
      "claim": 1
    },
    "6281545579826@s.whatsapp.net": {
      "name": "ALL STORE",
      "limit": 10,
      "balance": 10000,
      "premium": false,
      "afkTime": -1,
      "afkReason": "",
      "claim": 1
    },
    "6289684597174@s.whatsapp.net": {
      "name": "DONZ UNCHEK",
      "limit": 10,
      "balance": 10000,
      "premium": false,
      "afkTime": -1,
      "afkReason": "",
      "claim": 1
    },
    "6285768355298@s.whatsapp.net": {
      "name": "Dikzz market back jb",
      "limit": 10,
      "balance": 10000,
      "premium": false,
      "afkTime": -1,
      "afkReason": "",
      "claim": 1
    },
    "6283172458611@s.whatsapp.net": {
      "name": "NIKY STORE",
      "limit": 10,
      "balance": 10000,
      "premium": false,
      "afkTime": -1,
      "afkReason": "",
      "claim": 1
    },
    "6282180362716@s.whatsapp.net": {
      "name": "V'YO STORE 😎",
      "limit": 10,
      "balance": 10000,
      "premium": false,
      "afkTime": -1,
      "afkReason": "",
      "claim": 1
    },
    "6288211029129@s.whatsapp.net": {
      "name": "Bintang",
      "limit": 10,
      "balance": 10000,
      "premium": false,
      "afkTime": -1,
      "afkReason": "",
      "claim": 1
    },
    "6283898383615@s.whatsapp.net": {
      "name": "Endi Cruel",
      "limit": 10,
      "balance": 10000,
      "premium": false,
      "afkTime": -1,
      "afkReason": "",
      "claim": 1
    },
    "6285703225140@s.whatsapp.net": {
      "name": "vnzraa",
      "limit": 10,
      "balance": 10000,
      "premium": false,
      "afkTime": -1,
      "afkReason": "",
      "claim": 1
    },
    "6283129102856@s.whatsapp.net": {
      "name": "Tegar FT",
      "limit": 10,
      "balance": 10000,
      "premium": false,
      "afkTime": -1,
      "afkReason": "",
      "claim": 1
    },
    "6285348837853@s.whatsapp.net": {
      "name": "Senzyyu",
      "limit": 10,
      "balance": 10000,
      "premium": false,
      "afkTime": -1,
      "afkReason": "",
      "claim": 1
    },
    "6282177697057@s.whatsapp.net": {
      "name": "Cobra Store",
      "limit": 10,
      "balance": 10000,
      "premium": false,
      "afkTime": -1,
      "afkReason": "",
      "claim": 1
    },
    "6283895862457@s.whatsapp.net": {
      "name": "JUNZZ STORE",
      "limit": 10,
      "balance": 10000,
      "premium": false,
      "afkTime": -1,
      "afkReason": "",
      "claim": 1
    },
    "6285643117136@s.whatsapp.net": {
      "name": "KENZ4YOU || JB•REGION JATENG",
      "limit": 10,
      "balance": 10000,
      "premium": false,
      "afkTime": -1,
      "afkReason": "",
      "claim": 1
    },
    "62895417412870@s.whatsapp.net": {
      "name": "REZSTORE19",
      "limit": 10,
      "balance": 10000,
      "premium": false,
      "afkTime": -1,
      "afkReason": "",
      "claim": 1
    },
    "6285943413883@s.whatsapp.net": {
      "name": "SIXZEN STORE REALL",
      "limit": 10,
      "balance": 10000,
      "premium": false,
      "afkTime": -1,
      "afkReason": "",
      "claim": 1
    },
    "6285697237300@s.whatsapp.net": {
      "name": "REMON STORE SELAIN INI CLONE",
      "limit": 10,
      "balance": 10000,
      "premium": false,
      "afkTime": -1,
      "afkReason": "",
      "claim": 1
    },
    "6282176211513@s.whatsapp.net": {
      "name": "Panz Unchek",
      "limit": 10,
      "balance": 10000,
      "premium": false,
      "afkTime": -1,
      "afkReason": "",
      "claim": 1
    },
    "6283143242761@s.whatsapp.net": {
      "name": "DANG4YOU REAL",
      "limit": 10,
      "balance": 10000,
      "premium": false,
      "afkTime": -1,
      "afkReason": "",
      "claim": 1
    },
    "6281276686432@s.whatsapp.net": {
      "name": "jax",
      "limit": 10,
      "balance": 10000,
      "premium": false,
      "afkTime": -1,
      "afkReason": "",
      "claim": 1
    },
    "6285840662860@s.whatsapp.net": {
      "name": "MARVIN JB",
      "limit": 10,
      "balance": 10000,
      "premium": false,
      "afkTime": -1,
      "afkReason": "",
      "claim": 1
    },
    "6288980353191@s.whatsapp.net": {
      "name": "Gareng Store",
      "limit": 10,
      "balance": 10000,
      "premium": false,
      "afkTime": -1,
      "afkReason": "",
      "claim": 1
    },
    "6281329273296@s.whatsapp.net": {
      "name": "HADZ MC || PT ANDY TAMVAN",
      "limit": 10,
      "balance": 10000,
      "premium": false,
      "afkTime": -1,
      "afkReason": "",
      "claim": 1
    },
    "6283841195803@s.whatsapp.net": {
      "name": "Dulzz",
      "limit": 10,
      "balance": 10000,
      "premium": false,
      "afkTime": -1,
      "afkReason": "",
      "claim": 1
    },
    "6282246576955@s.whatsapp.net": {
      "name": "Tedy Store",
      "limit": 10,
      "balance": 10000,
      "premium": false,
      "afkTime": -1,
      "afkReason": "",
      "claim": 1
    },
    "6283181638567@s.whatsapp.net": {
      "name": "𝑫𝒆𝒃𝒚 𝑺𝒐𝒇𝒕",
      "limit": 10,
      "balance": 10000,
      "premium": false,
      "afkTime": -1,
      "afkReason": "",
      "claim": 1
    },
    "62895340933060@s.whatsapp.net": {
      "name": "Oline Manuel Chay",
      "limit": 10,
      "balance": 10000,
      "premium": false,
      "afkTime": -1,
      "afkReason": "",
      "claim": 1
    },
    "6289699940681@s.whatsapp.net": {
      "name": "Arga Ultimate",
      "limit": 10,
      "balance": 10000,
      "premium": false,
      "afkTime": -1,
      "afkReason": "",
      "claim": 1
    },
    "6285893936331@s.whatsapp.net": {
      "name": "SAN",
      "limit": 10,
      "balance": 10000,
      "premium": false,
      "afkTime": -1,
      "afkReason": "",
      "claim": 1
    },
    "628979878937@s.whatsapp.net": {
      "name": "Luxyy",
      "limit": 10,
      "balance": 10000,
      "premium": false,
      "afkTime": -1,
      "afkReason": "",
      "claim": 1
    },
    "6287753579376@s.whatsapp.net": {
      "name": "𝗔𝗡𝗗𝗬 𝗧𝗔𝗠𝗩𝗔𝗡 [𝗝𝗔𝗦𝗣𝗢𝗦𝗧] 𝗥𝗘𝗚𝗜𝗢𝗡 𝗝𝗔𝗧𝗘𝗡𝗚",
      "limit": 10,
      "balance": 10000,
      "premium": false,
      "afkTime": -1,
      "afkReason": "",
      "claim": 1
    },
    "6285722905908@s.whatsapp.net": {
      "name": "___ADMIN JB AHHA-STORE",
      "limit": 10,
      "balance": 10000,
      "premium": false,
      "afkTime": -1,
      "afkReason": "",
      "claim": 1
    },
    "6285658991408@s.whatsapp.net": {
      "name": "DITZ STORE",
      "limit": 10,
      "balance": 10000,
      "premium": false,
      "afkTime": -1,
      "afkReason": "",
      "claim": 1
    },
    "6285819347803@s.whatsapp.net": {
      "name": "JB REYZZ STORE",
      "limit": 10,
      "balance": 10000,
      "premium": false,
      "afkTime": -1,
      "afkReason": "",
      "claim": 1
    },
    "6283854541636@s.whatsapp.net": {
      "name": "HAMZZ STORE",
      "limit": 10,
      "balance": 10000,
      "premium": false,
      "afkTime": -1,
      "afkReason": "",
      "claim": 1
    },
    "6281380614504@s.whatsapp.net": {
      "name": "DATUK SUGA-12",
      "limit": 10,
      "balance": 10000,
      "premium": false,
      "afkTime": -1,
      "afkReason": "",
      "claim": 1
    },
    "6283131123316@s.whatsapp.net": {
      "name": "X-rayy",
      "limit": 10,
      "balance": 10000,
      "premium": false,
      "afkTime": -1,
      "afkReason": "",
      "claim": 1
    },
    "6285656918693@s.whatsapp.net": {
      "name": "BIFI MERAH STORE",
      "limit": 10,
      "balance": 10000,
      "premium": false,
      "afkTime": -1,
      "afkReason": "",
      "claim": 1
    },
    "6285784727852@s.whatsapp.net": {
      "name": "RAFA",
      "limit": 10,
      "balance": 10000,
      "premium": false,
      "afkTime": -1,
      "afkReason": "",
      "claim": 1
    },
    "6282184578135@s.whatsapp.net": {
      "name": "L",
      "limit": 10,
      "balance": 10000,
      "premium": false,
      "afkTime": -1,
      "afkReason": "",
      "claim": 1
    },
    "6289685229673@s.whatsapp.net": {
      "name": "Elpiji",
      "limit": 10,
      "balance": 10000,
      "premium": false,
      "afkTime": -1,
      "afkReason": "",
      "claim": 1
    },
    "6282170855024@s.whatsapp.net": {
      "name": "Alifreefire",
      "limit": 10,
      "balance": 10000,
      "premium": false,
      "afkTime": -1,
      "afkReason": "",
      "claim": 1
    },
    "6285772565611@s.whatsapp.net": {
      "name": "ndyy⚡",
      "limit": 10,
      "balance": 10000,
      "premium": false,
      "afkTime": -1,
      "afkReason": "",
      "claim": 1
    },
    "6288994213496@s.whatsapp.net": {
      "name": "Hanz.Store",
      "limit": 10,
      "balance": 10000,
      "premium": false,
      "afkTime": -1,
      "afkReason": "",
      "claim": 1
    },
    "6285710350360@s.whatsapp.net": {
      "name": "IKY",
      "limit": 10,
      "balance": 10000,
      "premium": false,
      "afkTime": -1,
      "afkReason": "",
      "claim": 1
    },
    "6288279688584@s.whatsapp.net": {
      "name": "ABDUROCHMAN FAUZII",
      "limit": 10,
      "balance": 10000,
      "premium": false,
      "afkTime": -1,
      "afkReason": "",
      "claim": 1
    },
    "6282179570332@s.whatsapp.net": {
      "name": "Fal",
      "limit": 10,
      "balance": 10000,
      "premium": false,
      "afkTime": -1,
      "afkReason": "",
      "claim": 1
    },
    "6282318316726@s.whatsapp.net": {
      "name": "Boyszz",
      "limit": 10,
      "balance": 10000,
      "premium": false,
      "afkTime": -1,
      "afkReason": "",
      "claim": 1
    },
    "6283138344595@s.whatsapp.net": {
      "name": "Nadila",
      "limit": 10,
      "balance": 10000,
      "premium": false,
      "afkTime": -1,
      "afkReason": "",
      "claim": 1
    },
    "6283875307669@s.whatsapp.net": {
      "name": "Piki",
      "limit": 10,
      "balance": 10000,
      "premium": false,
      "afkTime": -1,
      "afkReason": "",
      "claim": 1
    },
    "6283865813359@s.whatsapp.net": {
      "name": "𝙎𝘼𝙔𝘼𝙒𝘼𝙉𝙕𝙀𝙕𝙎𝘾𝙊 𝙐𝙉𝘾𝙃𝙀𝙆 𝙂𝘾𝙍⚡",
      "limit": 10,
      "balance": 10000,
      "premium": false,
      "afkTime": -1,
      "afkReason": "",
      "claim": 1
    },
    "6283839342804@s.whatsapp.net": {
      "name": "REAL NO ZII STORE [ 2804 ]",
      "limit": 10,
      "balance": 10000,
      "premium": false,
      "afkTime": -1,
      "afkReason": "",
      "claim": 1
    },
    "6285928001075@s.whatsapp.net": {
      "name": "ANDZ4YOU REAL!!",
      "limit": 10,
      "balance": 10000,
      "premium": false,
      "afkTime": -1,
      "afkReason": "",
      "claim": 1
    },
    "6281329943557@s.whatsapp.net": {
      "name": "Fianstore",
      "limit": 10,
      "balance": 10000,
      "premium": false,
      "afkTime": -1,
      "afkReason": "",
      "claim": 1
    },
    "6283825450362@s.whatsapp.net": {
      "name": "ya",
      "limit": 10,
      "balance": 10000,
      "premium": false,
      "afkTime": -1,
      "afkReason": "",
      "claim": 1
    },
    "6285832630795@s.whatsapp.net": {
      "name": "Fizajakali",
      "limit": 10,
      "balance": 10000,
      "premium": false,
      "afkTime": -1,
      "afkReason": "",
      "claim": 1
    },
    "6281221784023@s.whatsapp.net": {
      "name": "R1Z STORE",
      "limit": 10,
      "balance": 10000,
      "premium": false,
      "afkTime": -1,
      "afkReason": "",
      "claim": 1
    },
    "6283181285212@s.whatsapp.net": {
      "name": "Celi",
      "limit": 10,
      "balance": 10000,
      "premium": false,
      "afkTime": -1,
      "afkReason": "",
      "claim": 1
    },
    "6281235518853@s.whatsapp.net": {
      "name": "𝐀𝐝𝐦𝐢𝐧 𝐁𝐲𝐚𝐧 𝐬𝐒𝐭𝐨𝐫𝐞 𝐑𝐞𝐚𝐥",
      "limit": 10,
      "balance": 10000,
      "premium": false,
      "afkTime": -1,
      "afkReason": "",
      "claim": 1
    },
    "6285708596401@s.whatsapp.net": {
      "name": "Febrian Store",
      "limit": 10,
      "balance": 10000,
      "premium": false,
      "afkTime": -1,
      "afkReason": "",
      "claim": 1
    },
    "6285797069460@s.whatsapp.net": {
      "name": "𝑫𝑨𝑵𝒁𝒛 𝖋𝖙 𝖊𝖛𝖔𝖑𝖙",
      "limit": 10,
      "balance": 10000,
      "premium": false,
      "afkTime": -1,
      "afkReason": "",
      "claim": 1
    },
    "6282170713950@s.whatsapp.net": {
      "name": "~.",
      "limit": 10,
      "balance": 10000,
      "premium": false,
      "afkTime": -1,
      "afkReason": "",
      "claim": 1
    },
    "6285277024973@s.whatsapp.net": {
      "name": "RINXX",
      "limit": 10,
      "balance": 10000,
      "premium": false,
      "afkTime": -1,
      "afkReason": "",
      "claim": 1
    },
    "6288214442745@s.whatsapp.net": {
      "name": "Lyz",
      "limit": 10,
      "balance": 10000,
      "premium": false,
      "afkTime": -1,
      "afkReason": "",
      "claim": 1
    },
    "6283181945559@s.whatsapp.net": {
      "name": "Rey4YOU REAL",
      "limit": 10,
      "balance": 10000,
      "premium": false,
      "afkTime": -1,
      "afkReason": "",
      "claim": 1
    }
  },
  "chats": {
    "120363296965961902@g.us": {
      "mute": false,
      "ghost": false
    },
    "62895403880703@s.whatsapp.net": {
      "mute": false,
      "ghost": false
    },
    "6287782792843@s.whatsapp.net": {
      "mute": false,
      "ghost": false
    },
    "6282321559392@s.whatsapp.net": {
      "mute": false,
      "ghost": false
    },
    "120363282850569479@g.us": {
      "mute": false,
      "ghost": false
    },
    "120363210659814466@g.us": {
      "mute": false,
      "ghost": false
    },
    "120363288889442891@g.us": {
      "mute": false,
      "ghost": false
    },
    "120363287089508401@g.us": {
      "mute": false,
      "ghost": false
    },
    "120363255597185743@g.us": {
      "mute": false,
      "ghost": false
    },
    "120363228020673598@g.us": {
      "mute": false,
      "ghost": false
    },
    "120363285904912949@g.us": {
      "mute": false,
      "ghost": false
    },
    "120363289023181466@g.us": {
      "mute": false,
      "ghost": false
    },
    "120363287989717395@g.us": {
      "mute": false,
      "ghost": false
    },
    "120363227920787835@g.us": {
      "mute": false,
      "ghost": false
    },
    "120363236474127888@g.us": {
      "mute": false,
      "ghost": false
    },
    "120363273696482816@g.us": {
      "mute": false,
      "ghost": false
    },
    "120363264249973765@g.us": {
      "mute": false,
      "ghost": false
    },
    "120363210236963081@g.us": {
      "mute": false,
      "ghost": false
    },
    "120363261958062327@g.us": {
      "mute": false,
      "ghost": false
    },
    "120363226579762112@g.us": {
      "mute": false,
      "ghost": false
    },
    "120363264853310165@g.us": {
      "mute": false,
      "ghost": false
    },
    "120363273680272612@g.us": {
      "mute": false,
      "ghost": false
    },
    "120363261589676951@g.us": {
      "mute": false,
      "ghost": false
    },
    "120363241195239598@g.us": {
      "mute": false,
      "ghost": false
    },
    "120363174344519172@g.us": {
      "mute": false,
      "ghost": false
    },
    "120363246550241355@g.us": {
      "mute": false,
      "ghost": false
    }
  },
  "database": {},
  "game": {},
  "settings": {
    "62895403880703@s.whatsapp.net": {
      "status": 0,
      "autobio": false,
      "autoread": false
    },
    "hadiah": [],
    "hadiahkadaluwarsa": [],
    "claimprem": [],
    "claimpremkadaluwarsa": []
  },
  "others": {},
  "sticker": {},
  "anonymous": {}
}